EmployeeID,Name,Department,Email,Salary
1,Employee 1,HR,employee1@example.com,46576
2,Employee 2,Finance,employee2@example.com,138339
3,Employee 3,IT,employee3@example.com,68936
4,Employee 4,Sales,employee4@example.com,102147
5,Employee 5,Marketing,employee5@example.com,31729
6,Employee 6,Finance,employee6@example.com,29866
7,Employee 7,Sales,employee7@example.com,128672
8,Employee 8,IT,employee8@example.com,76382
9,Employee 9,Finance,employee9@example.com,127560
10,Employee 10,Sales,employee10@example.com,89371
11,Employee 11,IT,employee11@example.com,63282
12,Employee 12,Sales,employee12@example.com,27634
13,Employee 13,Sales,employee13@example.com,119885
14,Employee 14,Sales,employee14@example.com,100141
15,Employee 15,Finance,employee15@example.com,111644
16,Employee 16,Sales,employee16@example.com,58420
17,Employee 17,Finance,employee17@example.com,46634
18,Employee 18,HR,employee18@example.com,35872
19,Employee 19,HR,employee19@example.com,95140
20,Employee 20,Finance,employee20@example.com,66043
21,Employee 21,Marketing,employee21@example.com,75992
22,Employee 22,Finance,employee22@example.com,66413
23,Employee 23,IT,employee23@example.com,132172
24,Employee 24,HR,employee24@example.com,38777
25,Employee 25,IT,employee25@example.com,101336
26,Employee 26,HR,employee26@example.com,87640
27,Employee 27,Marketing,employee27@example.com,35337
28,Employee 28,IT,employee28@example.com,95693
29,Employee 29,Finance,employee29@example.com,109251
30,Employee 30,Marketing,employee30@example.com,56467
31,Employee 31,Marketing,employee31@example.com,144747
32,Employee 32,Sales,employee32@example.com,63751
33,Employee 33,Marketing,employee33@example.com,99942
34,Employee 34,HR,employee34@example.com,43305
35,Employee 35,Marketing,employee35@example.com,108413
36,Employee 36,Sales,employee36@example.com,88733
37,Employee 37,HR,employee37@example.com,81010
38,Employee 38,Finance,employee38@example.com,75120
39,Employee 39,Finance,employee39@example.com,117430
40,Employee 40,Finance,employee40@example.com,148406
41,Employee 41,HR,employee41@example.com,145088
42,Employee 42,Marketing,employee42@example.com,128622
43,Employee 43,IT,employee43@example.com,71194
44,Employee 44,IT,employee44@example.com,110910
45,Employee 45,HR,employee45@example.com,102082
46,Employee 46,Finance,employee46@example.com,92567
47,Employee 47,Marketing,employee47@example.com,123505
48,Employee 48,Marketing,employee48@example.com,34933
49,Employee 49,Sales,employee49@example.com,49296
50,Employee 50,Marketing,employee50@example.com,34326
51,Employee 51,Finance,employee51@example.com,81272
52,Employee 52,Sales,employee52@example.com,72149
53,Employee 53,HR,employee53@example.com,112121
54,Employee 54,Marketing,employee54@example.com,69003
55,Employee 55,Finance,employee55@example.com,100802
56,Employee 56,Finance,employee56@example.com,86570
57,Employee 57,HR,employee57@example.com,30616
58,Employee 58,IT,employee58@example.com,55408
59,Employee 59,Sales,employee59@example.com,133327
60,Employee 60,Marketing,employee60@example.com,118894
61,Employee 61,Finance,employee61@example.com,68056
62,Employee 62,HR,employee62@example.com,33211
63,Employee 63,IT,employee63@example.com,46875
64,Employee 64,IT,employee64@example.com,94310
65,Employee 65,HR,employee65@example.com,90479
66,Employee 66,IT,employee66@example.com,73972
67,Employee 67,Finance,employee67@example.com,129162
68,Employee 68,Finance,employee68@example.com,146011
69,Employee 69,IT,employee69@example.com,32342
70,Employee 70,Finance,employee70@example.com,39313
71,Employee 71,HR,employee71@example.com,141761
72,Employee 72,Finance,employee72@example.com,44511
73,Employee 73,Marketing,employee73@example.com,82005
74,Employee 74,Marketing,employee74@example.com,60251
75,Employee 75,IT,employee75@example.com,93389
76,Employee 76,Finance,employee76@example.com,99643
77,Employee 77,HR,employee77@example.com,107259
78,Employee 78,Marketing,employee78@example.com,80470
79,Employee 79,IT,employee79@example.com,146789
80,Employee 80,Marketing,employee80@example.com,125910
81,Employee 81,HR,employee81@example.com,142697
82,Employee 82,HR,employee82@example.com,117528
83,Employee 83,Sales,employee83@example.com,141234
84,Employee 84,HR,employee84@example.com,64696
85,Employee 85,HR,employee85@example.com,29392
86,Employee 86,Sales,employee86@example.com,132654
87,Employee 87,Finance,employee87@example.com,64916
88,Employee 88,HR,employee88@example.com,115300
89,Employee 89,IT,employee89@example.com,103530
90,Employee 90,HR,employee90@example.com,130276
91,Employee 91,Finance,employee91@example.com,97430
92,Employee 92,Marketing,employee92@example.com,142239
93,Employee 93,Sales,employee93@example.com,119537
94,Employee 94,IT,employee94@example.com,137574
95,Employee 95,Finance,employee95@example.com,59181
96,Employee 96,HR,employee96@example.com,147728
97,Employee 97,Marketing,employee97@example.com,109412
98,Employee 98,Sales,employee98@example.com,76259
99,Employee 99,Sales,employee99@example.com,26243
100,Employee 100,HR,employee100@example.com,100448
101,Employee 101,Finance,employee101@example.com,107747
102,Employee 102,Marketing,employee102@example.com,91489
103,Employee 103,Finance,employee103@example.com,85741
104,Employee 104,Sales,employee104@example.com,55652
105,Employee 105,Marketing,employee105@example.com,116359
106,Employee 106,Marketing,employee106@example.com,100709
107,Employee 107,Sales,employee107@example.com,46972
108,Employee 108,Finance,employee108@example.com,58228
109,Employee 109,IT,employee109@example.com,111675
110,Employee 110,HR,employee110@example.com,99218
111,Employee 111,IT,employee111@example.com,148377
112,Employee 112,Marketing,employee112@example.com,138451
113,Employee 113,HR,employee113@example.com,54994
114,Employee 114,HR,employee114@example.com,72219
115,Employee 115,HR,employee115@example.com,66496
116,Employee 116,HR,employee116@example.com,148294
117,Employee 117,Finance,employee117@example.com,80912
118,Employee 118,IT,employee118@example.com,55642
119,Employee 119,Sales,employee119@example.com,89353
120,Employee 120,Finance,employee120@example.com,66070
121,Employee 121,Marketing,employee121@example.com,140052
122,Employee 122,IT,employee122@example.com,61902
123,Employee 123,IT,employee123@example.com,44948
124,Employee 124,Marketing,employee124@example.com,77457
125,Employee 125,Marketing,employee125@example.com,115794
126,Employee 126,Sales,employee126@example.com,121061
127,Employee 127,HR,employee127@example.com,115672
128,Employee 128,Marketing,employee128@example.com,122464
129,Employee 129,Marketing,employee129@example.com,149579
130,Employee 130,Marketing,employee130@example.com,46921
131,Employee 131,HR,employee131@example.com,141931
132,Employee 132,HR,employee132@example.com,37718
133,Employee 133,Finance,employee133@example.com,102667
134,Employee 134,IT,employee134@example.com,40142
135,Employee 135,HR,employee135@example.com,72150
136,Employee 136,HR,employee136@example.com,26548
137,Employee 137,Finance,employee137@example.com,93678
138,Employee 138,IT,employee138@example.com,70958
139,Employee 139,Marketing,employee139@example.com,41752
140,Employee 140,Sales,employee140@example.com,38992
141,Employee 141,Marketing,employee141@example.com,54792
142,Employee 142,HR,employee142@example.com,75800
143,Employee 143,Marketing,employee143@example.com,36963
144,Employee 144,Marketing,employee144@example.com,144995
145,Employee 145,Sales,employee145@example.com,147563
146,Employee 146,Finance,employee146@example.com,42742
147,Employee 147,IT,employee147@example.com,96795
148,Employee 148,Finance,employee148@example.com,135798
149,Employee 149,Finance,employee149@example.com,137488
150,Employee 150,Finance,employee150@example.com,77929
151,Employee 151,Sales,employee151@example.com,27852
152,Employee 152,IT,employee152@example.com,39773
153,Employee 153,HR,employee153@example.com,36186
154,Employee 154,Marketing,employee154@example.com,70152
155,Employee 155,Finance,employee155@example.com,72812
156,Employee 156,HR,employee156@example.com,132168
157,Employee 157,Finance,employee157@example.com,31257
158,Employee 158,IT,employee158@example.com,117913
159,Employee 159,IT,employee159@example.com,44759
160,Employee 160,IT,employee160@example.com,111911
161,Employee 161,Marketing,employee161@example.com,30612
162,Employee 162,HR,employee162@example.com,104002
163,Employee 163,Finance,employee163@example.com,114929
164,Employee 164,Finance,employee164@example.com,33174
165,Employee 165,IT,employee165@example.com,63826
166,Employee 166,Finance,employee166@example.com,59456
167,Employee 167,Finance,employee167@example.com,44060
168,Employee 168,Finance,employee168@example.com,137603
169,Employee 169,Finance,employee169@example.com,132555
170,Employee 170,Finance,employee170@example.com,59250
171,Employee 171,Marketing,employee171@example.com,55957
172,Employee 172,HR,employee172@example.com,64393
173,Employee 173,HR,employee173@example.com,27348
174,Employee 174,HR,employee174@example.com,48898
175,Employee 175,HR,employee175@example.com,111886
176,Employee 176,HR,employee176@example.com,28686
177,Employee 177,HR,employee177@example.com,98913
178,Employee 178,IT,employee178@example.com,126709
179,Employee 179,Marketing,employee179@example.com,55859
180,Employee 180,HR,employee180@example.com,95346
181,Employee 181,Finance,employee181@example.com,144518
182,Employee 182,Finance,employee182@example.com,108647
183,Employee 183,HR,employee183@example.com,47649
184,Employee 184,HR,employee184@example.com,81822
185,Employee 185,IT,employee185@example.com,33069
186,Employee 186,Marketing,employee186@example.com,114134
187,Employee 187,Finance,employee187@example.com,54860
188,Employee 188,Marketing,employee188@example.com,44530
189,Employee 189,HR,employee189@example.com,49873
190,Employee 190,Sales,employee190@example.com,64773
191,Employee 191,HR,employee191@example.com,88201
192,Employee 192,Finance,employee192@example.com,129486
193,Employee 193,HR,employee193@example.com,39799
194,Employee 194,Finance,employee194@example.com,75957
195,Employee 195,Marketing,employee195@example.com,57855
196,Employee 196,Finance,employee196@example.com,117336
197,Employee 197,Finance,employee197@example.com,145470
198,Employee 198,Finance,employee198@example.com,53863
199,Employee 199,Finance,employee199@example.com,135114
200,Employee 200,IT,employee200@example.com,114014
201,Employee 201,Marketing,employee201@example.com,34239
202,Employee 202,Marketing,employee202@example.com,72466
203,Employee 203,Marketing,employee203@example.com,130246
204,Employee 204,HR,employee204@example.com,149338
205,Employee 205,Sales,employee205@example.com,98000
206,Employee 206,IT,employee206@example.com,74613
207,Employee 207,HR,employee207@example.com,108358
208,Employee 208,HR,employee208@example.com,132797
209,Employee 209,IT,employee209@example.com,85649
210,Employee 210,IT,employee210@example.com,142891
211,Employee 211,HR,employee211@example.com,103921
212,Employee 212,Finance,employee212@example.com,75853
213,Employee 213,Sales,employee213@example.com,109782
214,Employee 214,IT,employee214@example.com,139862
215,Employee 215,Marketing,employee215@example.com,45947
216,Employee 216,HR,employee216@example.com,87255
217,Employee 217,HR,employee217@example.com,90359
218,Employee 218,Sales,employee218@example.com,35026
219,Employee 219,Finance,employee219@example.com,95266
220,Employee 220,Sales,employee220@example.com,131871
221,Employee 221,Finance,employee221@example.com,94851
222,Employee 222,Sales,employee222@example.com,54514
223,Employee 223,HR,employee223@example.com,69604
224,Employee 224,IT,employee224@example.com,83645
225,Employee 225,Marketing,employee225@example.com,38347
226,Employee 226,Sales,employee226@example.com,141139
227,Employee 227,IT,employee227@example.com,26352
228,Employee 228,IT,employee228@example.com,103746
229,Employee 229,HR,employee229@example.com,91451
230,Employee 230,Finance,employee230@example.com,81208
231,Employee 231,Sales,employee231@example.com,35217
232,Employee 232,Finance,employee232@example.com,63837
233,Employee 233,Finance,employee233@example.com,38434
234,Employee 234,Finance,employee234@example.com,39998
235,Employee 235,Marketing,employee235@example.com,25386
236,Employee 236,HR,employee236@example.com,123579
237,Employee 237,Finance,employee237@example.com,110507
238,Employee 238,Marketing,employee238@example.com,138574
239,Employee 239,Sales,employee239@example.com,99884
240,Employee 240,Sales,employee240@example.com,84534
241,Employee 241,Marketing,employee241@example.com,50827
242,Employee 242,Sales,employee242@example.com,127959
243,Employee 243,HR,employee243@example.com,136444
244,Employee 244,IT,employee244@example.com,130954
245,Employee 245,IT,employee245@example.com,41690
246,Employee 246,IT,employee246@example.com,80412
247,Employee 247,HR,employee247@example.com,77596
248,Employee 248,Sales,employee248@example.com,93554
249,Employee 249,HR,employee249@example.com,139684
250,Employee 250,HR,employee250@example.com,91585
251,Employee 251,IT,employee251@example.com,105418
252,Employee 252,IT,employee252@example.com,90112
253,Employee 253,HR,employee253@example.com,81292
254,Employee 254,Sales,employee254@example.com,72253
255,Employee 255,Finance,employee255@example.com,88497
256,Employee 256,HR,employee256@example.com,48870
257,Employee 257,Sales,employee257@example.com,142681
258,Employee 258,HR,employee258@example.com,98550
259,Employee 259,Finance,employee259@example.com,48465
260,Employee 260,Marketing,employee260@example.com,56182
261,Employee 261,Sales,employee261@example.com,128871
262,Employee 262,Sales,employee262@example.com,72590
263,Employee 263,IT,employee263@example.com,130522
264,Employee 264,Finance,employee264@example.com,115376
265,Employee 265,Sales,employee265@example.com,127025
266,Employee 266,HR,employee266@example.com,98679
267,Employee 267,HR,employee267@example.com,103863
268,Employee 268,IT,employee268@example.com,53868
269,Employee 269,Marketing,employee269@example.com,80519
270,Employee 270,HR,employee270@example.com,63194
271,Employee 271,IT,employee271@example.com,99218
272,Employee 272,Finance,employee272@example.com,49669
273,Employee 273,HR,employee273@example.com,149876
274,Employee 274,Sales,employee274@example.com,38604
275,Employee 275,IT,employee275@example.com,98901
276,Employee 276,HR,employee276@example.com,138896
277,Employee 277,IT,employee277@example.com,93100
278,Employee 278,Sales,employee278@example.com,58045
279,Employee 279,IT,employee279@example.com,118242
280,Employee 280,Finance,employee280@example.com,52792
281,Employee 281,Sales,employee281@example.com,26019
282,Employee 282,HR,employee282@example.com,131856
283,Employee 283,Sales,employee283@example.com,96710
284,Employee 284,IT,employee284@example.com,61317
285,Employee 285,IT,employee285@example.com,111498
286,Employee 286,Marketing,employee286@example.com,128939
287,Employee 287,Sales,employee287@example.com,40462
288,Employee 288,Finance,employee288@example.com,35267
289,Employee 289,Sales,employee289@example.com,137305
290,Employee 290,Finance,employee290@example.com,88086
291,Employee 291,HR,employee291@example.com,84437
292,Employee 292,Sales,employee292@example.com,50499
293,Employee 293,HR,employee293@example.com,83091
294,Employee 294,Finance,employee294@example.com,49960
295,Employee 295,HR,employee295@example.com,50827
296,Employee 296,Marketing,employee296@example.com,90839
297,Employee 297,Sales,employee297@example.com,136302
298,Employee 298,IT,employee298@example.com,116045
299,Employee 299,Marketing,employee299@example.com,144570
300,Employee 300,Marketing,employee300@example.com,45142
301,Employee 301,Finance,employee301@example.com,75531
302,Employee 302,Marketing,employee302@example.com,97100
303,Employee 303,HR,employee303@example.com,101519
304,Employee 304,Finance,employee304@example.com,112039
305,Employee 305,IT,employee305@example.com,65116
306,Employee 306,Finance,employee306@example.com,56579
307,Employee 307,Sales,employee307@example.com,124622
308,Employee 308,IT,employee308@example.com,70523
309,Employee 309,Finance,employee309@example.com,137731
310,Employee 310,Finance,employee310@example.com,124639
311,Employee 311,IT,employee311@example.com,116848
312,Employee 312,HR,employee312@example.com,49838
313,Employee 313,Marketing,employee313@example.com,72293
314,Employee 314,Marketing,employee314@example.com,122804
315,Employee 315,Finance,employee315@example.com,89942
316,Employee 316,IT,employee316@example.com,126260
317,Employee 317,Sales,employee317@example.com,128462
318,Employee 318,Marketing,employee318@example.com,143745
319,Employee 319,IT,employee319@example.com,129947
320,Employee 320,HR,employee320@example.com,87858
321,Employee 321,Marketing,employee321@example.com,98030
322,Employee 322,HR,employee322@example.com,85528
323,Employee 323,HR,employee323@example.com,80235
324,Employee 324,Marketing,employee324@example.com,104419
325,Employee 325,Marketing,employee325@example.com,36408
326,Employee 326,Marketing,employee326@example.com,56161
327,Employee 327,Sales,employee327@example.com,33949
328,Employee 328,Finance,employee328@example.com,69362
329,Employee 329,Finance,employee329@example.com,34454
330,Employee 330,IT,employee330@example.com,86192
331,Employee 331,Marketing,employee331@example.com,118950
332,Employee 332,Sales,employee332@example.com,38475
333,Employee 333,IT,employee333@example.com,97917
334,Employee 334,Marketing,employee334@example.com,112670
335,Employee 335,Marketing,employee335@example.com,138960
336,Employee 336,HR,employee336@example.com,107688
337,Employee 337,Finance,employee337@example.com,104868
338,Employee 338,Finance,employee338@example.com,89251
339,Employee 339,Sales,employee339@example.com,68898
340,Employee 340,IT,employee340@example.com,73117
341,Employee 341,Sales,employee341@example.com,36128
342,Employee 342,Sales,employee342@example.com,83427
343,Employee 343,Marketing,employee343@example.com,39485
344,Employee 344,Sales,employee344@example.com,58450
345,Employee 345,HR,employee345@example.com,111301
346,Employee 346,Marketing,employee346@example.com,27396
347,Employee 347,Marketing,employee347@example.com,33789
348,Employee 348,Marketing,employee348@example.com,109891
349,Employee 349,Sales,employee349@example.com,125084
350,Employee 350,Marketing,employee350@example.com,84941
351,Employee 351,HR,employee351@example.com,141383
352,Employee 352,Sales,employee352@example.com,33947
353,Employee 353,Finance,employee353@example.com,86179
354,Employee 354,IT,employee354@example.com,46917
355,Employee 355,Finance,employee355@example.com,101230
356,Employee 356,Sales,employee356@example.com,131560
357,Employee 357,Marketing,employee357@example.com,133258
358,Employee 358,Finance,employee358@example.com,93516
359,Employee 359,HR,employee359@example.com,43408
360,Employee 360,Finance,employee360@example.com,146473
361,Employee 361,IT,employee361@example.com,43248
362,Employee 362,HR,employee362@example.com,95592
363,Employee 363,Finance,employee363@example.com,101802
364,Employee 364,Sales,employee364@example.com,108780
365,Employee 365,Sales,employee365@example.com,56710
366,Employee 366,IT,employee366@example.com,28455
367,Employee 367,Sales,employee367@example.com,73382
368,Employee 368,IT,employee368@example.com,95110
369,Employee 369,Marketing,employee369@example.com,50844
370,Employee 370,IT,employee370@example.com,51283
371,Employee 371,Marketing,employee371@example.com,141654
372,Employee 372,Sales,employee372@example.com,70037
373,Employee 373,Finance,employee373@example.com,145885
374,Employee 374,Sales,employee374@example.com,85593
375,Employee 375,Sales,employee375@example.com,87936
376,Employee 376,Marketing,employee376@example.com,28013
377,Employee 377,Finance,employee377@example.com,141833
378,Employee 378,IT,employee378@example.com,107341
379,Employee 379,Sales,employee379@example.com,82892
380,Employee 380,Marketing,employee380@example.com,131877
381,Employee 381,Marketing,employee381@example.com,139312
382,Employee 382,Marketing,employee382@example.com,27199
383,Employee 383,IT,employee383@example.com,49553
384,Employee 384,IT,employee384@example.com,78420
385,Employee 385,Finance,employee385@example.com,43587
386,Employee 386,Finance,employee386@example.com,63866
387,Employee 387,Finance,employee387@example.com,129942
388,Employee 388,Finance,employee388@example.com,90304
389,Employee 389,HR,employee389@example.com,39083
390,Employee 390,Sales,employee390@example.com,117066
391,Employee 391,HR,employee391@example.com,128409
392,Employee 392,IT,employee392@example.com,103273
393,Employee 393,Sales,employee393@example.com,120771
394,Employee 394,Marketing,employee394@example.com,66960
395,Employee 395,HR,employee395@example.com,135542
396,Employee 396,Marketing,employee396@example.com,89449
397,Employee 397,Finance,employee397@example.com,114282
398,Employee 398,Sales,employee398@example.com,100854
399,Employee 399,HR,employee399@example.com,101064
400,Employee 400,HR,employee400@example.com,80422
401,Employee 401,Sales,employee401@example.com,83836
402,Employee 402,Sales,employee402@example.com,113212
403,Employee 403,Sales,employee403@example.com,144143
404,Employee 404,HR,employee404@example.com,91890
405,Employee 405,IT,employee405@example.com,55510
406,Employee 406,Marketing,employee406@example.com,102817
407,Employee 407,HR,employee407@example.com,70082
408,Employee 408,Marketing,employee408@example.com,67628
409,Employee 409,HR,employee409@example.com,126744
410,Employee 410,Finance,employee410@example.com,57799
411,Employee 411,Sales,employee411@example.com,135338
412,Employee 412,Finance,employee412@example.com,87582
413,Employee 413,Marketing,employee413@example.com,106104
414,Employee 414,Sales,employee414@example.com,33145
415,Employee 415,IT,employee415@example.com,86618
416,Employee 416,Marketing,employee416@example.com,145267
417,Employee 417,Marketing,employee417@example.com,66922
418,Employee 418,Sales,employee418@example.com,71289
419,Employee 419,Marketing,employee419@example.com,33590
420,Employee 420,Sales,employee420@example.com,128114
421,Employee 421,Sales,employee421@example.com,93805
422,Employee 422,HR,employee422@example.com,60916
423,Employee 423,Finance,employee423@example.com,79948
424,Employee 424,Marketing,employee424@example.com,111410
425,Employee 425,HR,employee425@example.com,41110
426,Employee 426,Finance,employee426@example.com,51267
427,Employee 427,Finance,employee427@example.com,32845
428,Employee 428,Finance,employee428@example.com,124981
429,Employee 429,Sales,employee429@example.com,74343
430,Employee 430,Marketing,employee430@example.com,149616
431,Employee 431,Finance,employee431@example.com,63225
432,Employee 432,HR,employee432@example.com,38996
433,Employee 433,IT,employee433@example.com,82228
434,Employee 434,IT,employee434@example.com,56300
435,Employee 435,Sales,employee435@example.com,40565
436,Employee 436,HR,employee436@example.com,85128
437,Employee 437,IT,employee437@example.com,78663
438,Employee 438,Marketing,employee438@example.com,131938
439,Employee 439,IT,employee439@example.com,113990
440,Employee 440,HR,employee440@example.com,28021
441,Employee 441,Sales,employee441@example.com,36230
442,Employee 442,HR,employee442@example.com,75114
443,Employee 443,Finance,employee443@example.com,47362
444,Employee 444,IT,employee444@example.com,71847
445,Employee 445,Marketing,employee445@example.com,117381
446,Employee 446,HR,employee446@example.com,52504
447,Employee 447,Marketing,employee447@example.com,25787
448,Employee 448,Finance,employee448@example.com,128073
449,Employee 449,Marketing,employee449@example.com,74429
450,Employee 450,Finance,employee450@example.com,29948
451,Employee 451,Sales,employee451@example.com,68694
452,Employee 452,IT,employee452@example.com,63635
453,Employee 453,Sales,employee453@example.com,26458
454,Employee 454,IT,employee454@example.com,145537
455,Employee 455,Sales,employee455@example.com,101202
456,Employee 456,Sales,employee456@example.com,121230
457,Employee 457,Finance,employee457@example.com,125615
458,Employee 458,HR,employee458@example.com,81304
459,Employee 459,Sales,employee459@example.com,129399
460,Employee 460,HR,employee460@example.com,74749
461,Employee 461,Finance,employee461@example.com,136174
462,Employee 462,HR,employee462@example.com,65102
463,Employee 463,IT,employee463@example.com,81537
464,Employee 464,IT,employee464@example.com,110721
465,Employee 465,Finance,employee465@example.com,72401
466,Employee 466,HR,employee466@example.com,45692
467,Employee 467,Sales,employee467@example.com,120230
468,Employee 468,Marketing,employee468@example.com,71010
469,Employee 469,Marketing,employee469@example.com,71361
470,Employee 470,Finance,employee470@example.com,51944
471,Employee 471,HR,employee471@example.com,74814
472,Employee 472,IT,employee472@example.com,114696
473,Employee 473,HR,employee473@example.com,45911
474,Employee 474,IT,employee474@example.com,69883
475,Employee 475,IT,employee475@example.com,114489
476,Employee 476,Finance,employee476@example.com,126321
477,Employee 477,IT,employee477@example.com,117190
478,Employee 478,Marketing,employee478@example.com,137558
479,Employee 479,Sales,employee479@example.com,49840
480,Employee 480,HR,employee480@example.com,149814
481,Employee 481,Marketing,employee481@example.com,35705
482,Employee 482,Marketing,employee482@example.com,82675
483,Employee 483,Marketing,employee483@example.com,142214
484,Employee 484,IT,employee484@example.com,115787
485,Employee 485,Finance,employee485@example.com,27636
486,Employee 486,HR,employee486@example.com,139422
487,Employee 487,Finance,employee487@example.com,77658
488,Employee 488,Sales,employee488@example.com,35052
489,Employee 489,Marketing,employee489@example.com,146010
490,Employee 490,IT,employee490@example.com,106262
491,Employee 491,Sales,employee491@example.com,85234
492,Employee 492,Marketing,employee492@example.com,83520
493,Employee 493,Sales,employee493@example.com,61310
494,Employee 494,HR,employee494@example.com,123976
495,Employee 495,IT,employee495@example.com,64953
496,Employee 496,Sales,employee496@example.com,135167
497,Employee 497,Marketing,employee497@example.com,107967
498,Employee 498,Sales,employee498@example.com,37578
499,Employee 499,IT,employee499@example.com,117521
500,Employee 500,Marketing,employee500@example.com,97521
501,Employee 501,Marketing,employee501@example.com,132497
502,Employee 502,HR,employee502@example.com,35993
503,Employee 503,Marketing,employee503@example.com,138167
504,Employee 504,HR,employee504@example.com,64876
505,Employee 505,HR,employee505@example.com,58311
506,Employee 506,IT,employee506@example.com,71897
507,Employee 507,IT,employee507@example.com,107597
508,Employee 508,Finance,employee508@example.com,48095
509,Employee 509,Sales,employee509@example.com,114850
510,Employee 510,HR,employee510@example.com,31459
511,Employee 511,IT,employee511@example.com,27912
512,Employee 512,Finance,employee512@example.com,91620
513,Employee 513,IT,employee513@example.com,91856
514,Employee 514,Sales,employee514@example.com,46279
515,Employee 515,Finance,employee515@example.com,51386
516,Employee 516,HR,employee516@example.com,109007
517,Employee 517,Marketing,employee517@example.com,46548
518,Employee 518,IT,employee518@example.com,83754
519,Employee 519,Finance,employee519@example.com,138539
520,Employee 520,Marketing,employee520@example.com,74630
521,Employee 521,Finance,employee521@example.com,103722
522,Employee 522,Marketing,employee522@example.com,134429
523,Employee 523,IT,employee523@example.com,78498
524,Employee 524,Sales,employee524@example.com,108369
525,Employee 525,Finance,employee525@example.com,143759
526,Employee 526,Finance,employee526@example.com,62367
527,Employee 527,Marketing,employee527@example.com,139005
528,Employee 528,IT,employee528@example.com,64236
529,Employee 529,Sales,employee529@example.com,139552
530,Employee 530,Marketing,employee530@example.com,148637
531,Employee 531,Sales,employee531@example.com,72855
532,Employee 532,Marketing,employee532@example.com,140719
533,Employee 533,Finance,employee533@example.com,147619
534,Employee 534,Sales,employee534@example.com,34919
535,Employee 535,IT,employee535@example.com,56137
536,Employee 536,Sales,employee536@example.com,143174
537,Employee 537,Sales,employee537@example.com,69359
538,Employee 538,HR,employee538@example.com,58861
539,Employee 539,IT,employee539@example.com,96615
540,Employee 540,Sales,employee540@example.com,138804
541,Employee 541,Marketing,employee541@example.com,76755
542,Employee 542,IT,employee542@example.com,116787
543,Employee 543,HR,employee543@example.com,87910
544,Employee 544,Finance,employee544@example.com,132271
545,Employee 545,Sales,employee545@example.com,147703
546,Employee 546,Sales,employee546@example.com,51313
547,Employee 547,HR,employee547@example.com,83508
548,Employee 548,HR,employee548@example.com,132815
549,Employee 549,Marketing,employee549@example.com,142004
550,Employee 550,Sales,employee550@example.com,32373
551,Employee 551,Finance,employee551@example.com,94948
552,Employee 552,HR,employee552@example.com,69756
553,Employee 553,IT,employee553@example.com,104796
554,Employee 554,Sales,employee554@example.com,107429
555,Employee 555,HR,employee555@example.com,34531
556,Employee 556,HR,employee556@example.com,90763
557,Employee 557,HR,employee557@example.com,119229
558,Employee 558,Sales,employee558@example.com,123049
559,Employee 559,HR,employee559@example.com,70809
560,Employee 560,Marketing,employee560@example.com,76303
561,Employee 561,Finance,employee561@example.com,75806
562,Employee 562,HR,employee562@example.com,66952
563,Employee 563,Sales,employee563@example.com,107529
564,Employee 564,HR,employee564@example.com,98691
565,Employee 565,HR,employee565@example.com,142855
566,Employee 566,Finance,employee566@example.com,131077
567,Employee 567,IT,employee567@example.com,59435
568,Employee 568,Marketing,employee568@example.com,104226
569,Employee 569,IT,employee569@example.com,81252
570,Employee 570,Marketing,employee570@example.com,62302
571,Employee 571,Sales,employee571@example.com,57694
572,Employee 572,Marketing,employee572@example.com,95369
573,Employee 573,Finance,employee573@example.com,120769
574,Employee 574,Sales,employee574@example.com,36068
575,Employee 575,Marketing,employee575@example.com,143010
576,Employee 576,HR,employee576@example.com,71680
577,Employee 577,Finance,employee577@example.com,55407
578,Employee 578,Marketing,employee578@example.com,103545
579,Employee 579,Sales,employee579@example.com,134892
580,Employee 580,Sales,employee580@example.com,100245
581,Employee 581,IT,employee581@example.com,123011
582,Employee 582,HR,employee582@example.com,131808
583,Employee 583,Marketing,employee583@example.com,38563
584,Employee 584,IT,employee584@example.com,149690
585,Employee 585,HR,employee585@example.com,118995
586,Employee 586,HR,employee586@example.com,60959
587,Employee 587,Finance,employee587@example.com,77988
588,Employee 588,HR,employee588@example.com,116396
589,Employee 589,Marketing,employee589@example.com,74273
590,Employee 590,Sales,employee590@example.com,136345
591,Employee 591,IT,employee591@example.com,135685
592,Employee 592,Marketing,employee592@example.com,80371
593,Employee 593,HR,employee593@example.com,111023
594,Employee 594,IT,employee594@example.com,71180
595,Employee 595,Finance,employee595@example.com,48360
596,Employee 596,Sales,employee596@example.com,71007
597,Employee 597,Marketing,employee597@example.com,53616
598,Employee 598,Finance,employee598@example.com,64736
599,Employee 599,Marketing,employee599@example.com,33572
600,Employee 600,HR,employee600@example.com,102966
601,Employee 601,IT,employee601@example.com,52662
602,Employee 602,Finance,employee602@example.com,126100
603,Employee 603,Finance,employee603@example.com,79198
604,Employee 604,IT,employee604@example.com,82889
605,Employee 605,IT,employee605@example.com,36064
606,Employee 606,HR,employee606@example.com,33525
607,Employee 607,Marketing,employee607@example.com,111903
608,Employee 608,Finance,employee608@example.com,67492
609,Employee 609,Sales,employee609@example.com,55214
610,Employee 610,HR,employee610@example.com,97216
611,Employee 611,HR,employee611@example.com,48166
612,Employee 612,HR,employee612@example.com,59612
613,Employee 613,Sales,employee613@example.com,32481
614,Employee 614,HR,employee614@example.com,124677
615,Employee 615,HR,employee615@example.com,52597
616,Employee 616,Finance,employee616@example.com,90504
617,Employee 617,Finance,employee617@example.com,124636
618,Employee 618,Finance,employee618@example.com,88417
619,Employee 619,HR,employee619@example.com,63561
620,Employee 620,HR,employee620@example.com,128250
621,Employee 621,HR,employee621@example.com,116044
622,Employee 622,Marketing,employee622@example.com,32473
623,Employee 623,Finance,employee623@example.com,80543
624,Employee 624,HR,employee624@example.com,99032
625,Employee 625,Marketing,employee625@example.com,108864
626,Employee 626,Finance,employee626@example.com,36343
627,Employee 627,Marketing,employee627@example.com,133812
628,Employee 628,Marketing,employee628@example.com,131389
629,Employee 629,Marketing,employee629@example.com,143955
630,Employee 630,Finance,employee630@example.com,36045
631,Employee 631,IT,employee631@example.com,60358
632,Employee 632,Marketing,employee632@example.com,112148
633,Employee 633,Marketing,employee633@example.com,122767
634,Employee 634,Marketing,employee634@example.com,63123
635,Employee 635,IT,employee635@example.com,64098
636,Employee 636,HR,employee636@example.com,42816
637,Employee 637,Finance,employee637@example.com,92363
638,Employee 638,Finance,employee638@example.com,118889
639,Employee 639,Finance,employee639@example.com,111720
640,Employee 640,Sales,employee640@example.com,104662
641,Employee 641,IT,employee641@example.com,71168
642,Employee 642,HR,employee642@example.com,110908
643,Employee 643,Sales,employee643@example.com,122158
644,Employee 644,HR,employee644@example.com,83834
645,Employee 645,Sales,employee645@example.com,140601
646,Employee 646,HR,employee646@example.com,140308
647,Employee 647,Finance,employee647@example.com,90523
648,Employee 648,Marketing,employee648@example.com,118449
649,Employee 649,Finance,employee649@example.com,91735
650,Employee 650,Finance,employee650@example.com,42603
651,Employee 651,HR,employee651@example.com,101568
652,Employee 652,Sales,employee652@example.com,63468
653,Employee 653,Finance,employee653@example.com,86589
654,Employee 654,HR,employee654@example.com,132804
655,Employee 655,HR,employee655@example.com,74439
656,Employee 656,IT,employee656@example.com,88243
657,Employee 657,IT,employee657@example.com,73582
658,Employee 658,Sales,employee658@example.com,144946
659,Employee 659,IT,employee659@example.com,119131
660,Employee 660,Finance,employee660@example.com,52582
661,Employee 661,Marketing,employee661@example.com,137881
662,Employee 662,HR,employee662@example.com,104161
663,Employee 663,Sales,employee663@example.com,77559
664,Employee 664,Marketing,employee664@example.com,94670
665,Employee 665,IT,employee665@example.com,132626
666,Employee 666,Finance,employee666@example.com,46976
667,Employee 667,Sales,employee667@example.com,110640
668,Employee 668,Sales,employee668@example.com,95417
669,Employee 669,IT,employee669@example.com,77001
670,Employee 670,Marketing,employee670@example.com,116927
671,Employee 671,Finance,employee671@example.com,111868
672,Employee 672,IT,employee672@example.com,143261
673,Employee 673,Sales,employee673@example.com,53905
674,Employee 674,IT,employee674@example.com,61344
675,Employee 675,HR,employee675@example.com,95177
676,Employee 676,IT,employee676@example.com,25046
677,Employee 677,IT,employee677@example.com,119317
678,Employee 678,HR,employee678@example.com,70431
679,Employee 679,IT,employee679@example.com,63391
680,Employee 680,IT,employee680@example.com,46387
681,Employee 681,Sales,employee681@example.com,130002
682,Employee 682,Finance,employee682@example.com,102543
683,Employee 683,Sales,employee683@example.com,61325
684,Employee 684,HR,employee684@example.com,28523
685,Employee 685,Finance,employee685@example.com,92061
686,Employee 686,IT,employee686@example.com,138952
687,Employee 687,HR,employee687@example.com,73840
688,Employee 688,IT,employee688@example.com,129596
689,Employee 689,Sales,employee689@example.com,42508
690,Employee 690,Marketing,employee690@example.com,34222
691,Employee 691,Finance,employee691@example.com,90472
692,Employee 692,Sales,employee692@example.com,60405
693,Employee 693,Sales,employee693@example.com,127010
694,Employee 694,Sales,employee694@example.com,69763
695,Employee 695,Sales,employee695@example.com,117847
696,Employee 696,Marketing,employee696@example.com,41522
697,Employee 697,Sales,employee697@example.com,135995
698,Employee 698,Marketing,employee698@example.com,148926
699,Employee 699,Sales,employee699@example.com,65745
700,Employee 700,IT,employee700@example.com,132197
701,Employee 701,HR,employee701@example.com,60860
702,Employee 702,IT,employee702@example.com,123875
703,Employee 703,Finance,employee703@example.com,57537
704,Employee 704,Marketing,employee704@example.com,73409
705,Employee 705,Marketing,employee705@example.com,46650
706,Employee 706,HR,employee706@example.com,68901
707,Employee 707,Finance,employee707@example.com,106283
708,Employee 708,HR,employee708@example.com,45224
709,Employee 709,Marketing,employee709@example.com,136642
710,Employee 710,Finance,employee710@example.com,122054
711,Employee 711,HR,employee711@example.com,131739
712,Employee 712,IT,employee712@example.com,132269
713,Employee 713,Marketing,employee713@example.com,105620
714,Employee 714,Finance,employee714@example.com,108250
715,Employee 715,HR,employee715@example.com,75837
716,Employee 716,IT,employee716@example.com,97917
717,Employee 717,Marketing,employee717@example.com,47919
718,Employee 718,HR,employee718@example.com,83265
719,Employee 719,Finance,employee719@example.com,39528
720,Employee 720,Finance,employee720@example.com,95572
721,Employee 721,Finance,employee721@example.com,147743
722,Employee 722,Finance,employee722@example.com,60047
723,Employee 723,Finance,employee723@example.com,40403
724,Employee 724,Marketing,employee724@example.com,52891
725,Employee 725,HR,employee725@example.com,65582
726,Employee 726,Sales,employee726@example.com,124134
727,Employee 727,IT,employee727@example.com,144911
728,Employee 728,Finance,employee728@example.com,128551
729,Employee 729,Sales,employee729@example.com,116201
730,Employee 730,Finance,employee730@example.com,95987
731,Employee 731,Finance,employee731@example.com,102541
732,Employee 732,IT,employee732@example.com,102747
733,Employee 733,Finance,employee733@example.com,90080
734,Employee 734,HR,employee734@example.com,34644
735,Employee 735,Sales,employee735@example.com,106762
736,Employee 736,Finance,employee736@example.com,73596
737,Employee 737,Marketing,employee737@example.com,54807
738,Employee 738,Finance,employee738@example.com,137214
739,Employee 739,Finance,employee739@example.com,79415
740,Employee 740,Marketing,employee740@example.com,36719
741,Employee 741,IT,employee741@example.com,34524
742,Employee 742,Finance,employee742@example.com,97803
743,Employee 743,HR,employee743@example.com,106384
744,Employee 744,HR,employee744@example.com,124686
745,Employee 745,Finance,employee745@example.com,87631
746,Employee 746,HR,employee746@example.com,75179
747,Employee 747,HR,employee747@example.com,131765
748,Employee 748,HR,employee748@example.com,46111
749,Employee 749,Finance,employee749@example.com,35575
750,Employee 750,Sales,employee750@example.com,40651
751,Employee 751,HR,employee751@example.com,122214
752,Employee 752,Sales,employee752@example.com,89143
753,Employee 753,Marketing,employee753@example.com,34771
754,Employee 754,IT,employee754@example.com,137868
755,Employee 755,Finance,employee755@example.com,69799
756,Employee 756,Sales,employee756@example.com,25876
757,Employee 757,IT,employee757@example.com,138059
758,Employee 758,IT,employee758@example.com,66364
759,Employee 759,IT,employee759@example.com,38214
760,Employee 760,Sales,employee760@example.com,37239
761,Employee 761,HR,employee761@example.com,66469
762,Employee 762,Finance,employee762@example.com,29602
763,Employee 763,Finance,employee763@example.com,28006
764,Employee 764,IT,employee764@example.com,133648
765,Employee 765,HR,employee765@example.com,31240
766,Employee 766,IT,employee766@example.com,101425
767,Employee 767,IT,employee767@example.com,96813
768,Employee 768,HR,employee768@example.com,28645
769,Employee 769,Sales,employee769@example.com,73836
770,Employee 770,HR,employee770@example.com,144690
771,Employee 771,Sales,employee771@example.com,101595
772,Employee 772,Finance,employee772@example.com,112168
773,Employee 773,IT,employee773@example.com,138936
774,Employee 774,IT,employee774@example.com,54416
775,Employee 775,HR,employee775@example.com,105198
776,Employee 776,Marketing,employee776@example.com,25471
777,Employee 777,Sales,employee777@example.com,36523
778,Employee 778,Marketing,employee778@example.com,135387
779,Employee 779,HR,employee779@example.com,113533
780,Employee 780,HR,employee780@example.com,119866
781,Employee 781,HR,employee781@example.com,73543
782,Employee 782,Finance,employee782@example.com,147456
783,Employee 783,IT,employee783@example.com,79641
784,Employee 784,Sales,employee784@example.com,67499
785,Employee 785,Marketing,employee785@example.com,104577
786,Employee 786,IT,employee786@example.com,123013
787,Employee 787,Finance,employee787@example.com,54905
788,Employee 788,Finance,employee788@example.com,147272
789,Employee 789,Marketing,employee789@example.com,85415
790,Employee 790,IT,employee790@example.com,112676
791,Employee 791,Marketing,employee791@example.com,141140
792,Employee 792,HR,employee792@example.com,40873
793,Employee 793,Marketing,employee793@example.com,138501
794,Employee 794,HR,employee794@example.com,63527
795,Employee 795,IT,employee795@example.com,111656
796,Employee 796,IT,employee796@example.com,33691
797,Employee 797,Sales,employee797@example.com,70621
798,Employee 798,Finance,employee798@example.com,41029
799,Employee 799,Finance,employee799@example.com,67642
800,Employee 800,Sales,employee800@example.com,142181
801,Employee 801,Marketing,employee801@example.com,39033
802,Employee 802,Marketing,employee802@example.com,116117
803,Employee 803,IT,employee803@example.com,25027
804,Employee 804,IT,employee804@example.com,34021
805,Employee 805,IT,employee805@example.com,61698
806,Employee 806,HR,employee806@example.com,56956
807,Employee 807,Marketing,employee807@example.com,99842
808,Employee 808,Marketing,employee808@example.com,77442
809,Employee 809,Sales,employee809@example.com,78384
810,Employee 810,Finance,employee810@example.com,143853
811,Employee 811,IT,employee811@example.com,139876
812,Employee 812,Sales,employee812@example.com,148435
813,Employee 813,IT,employee813@example.com,55300
814,Employee 814,Sales,employee814@example.com,135728
815,Employee 815,Sales,employee815@example.com,83673
816,Employee 816,Finance,employee816@example.com,40502
817,Employee 817,Marketing,employee817@example.com,120854
818,Employee 818,HR,employee818@example.com,112126
819,Employee 819,Marketing,employee819@example.com,104464
820,Employee 820,HR,employee820@example.com,99416
821,Employee 821,Sales,employee821@example.com,115234
822,Employee 822,Marketing,employee822@example.com,42273
823,Employee 823,Finance,employee823@example.com,106461
824,Employee 824,Finance,employee824@example.com,69641
825,Employee 825,HR,employee825@example.com,90239
826,Employee 826,HR,employee826@example.com,69757
827,Employee 827,IT,employee827@example.com,55916
828,Employee 828,IT,employee828@example.com,104999
829,Employee 829,HR,employee829@example.com,123306
830,Employee 830,Marketing,employee830@example.com,110877
831,Employee 831,Sales,employee831@example.com,40682
832,Employee 832,Sales,employee832@example.com,82806
833,Employee 833,HR,employee833@example.com,34682
834,Employee 834,Finance,employee834@example.com,130598
835,Employee 835,Finance,employee835@example.com,99719
836,Employee 836,Sales,employee836@example.com,87233
837,Employee 837,HR,employee837@example.com,110502
838,Employee 838,HR,employee838@example.com,87419
839,Employee 839,Finance,employee839@example.com,138205
840,Employee 840,Marketing,employee840@example.com,102799
841,Employee 841,Finance,employee841@example.com,90423
842,Employee 842,Marketing,employee842@example.com,93559
843,Employee 843,Sales,employee843@example.com,80543
844,Employee 844,Finance,employee844@example.com,89509
845,Employee 845,Sales,employee845@example.com,100844
846,Employee 846,IT,employee846@example.com,108232
847,Employee 847,Marketing,employee847@example.com,94143
848,Employee 848,HR,employee848@example.com,56539
849,Employee 849,Finance,employee849@example.com,39798
850,Employee 850,Finance,employee850@example.com,31271
851,Employee 851,Marketing,employee851@example.com,143531
852,Employee 852,Marketing,employee852@example.com,75347
853,Employee 853,IT,employee853@example.com,103611
854,Employee 854,Marketing,employee854@example.com,135880
855,Employee 855,IT,employee855@example.com,42997
856,Employee 856,Marketing,employee856@example.com,105760
857,Employee 857,HR,employee857@example.com,146713
858,Employee 858,Marketing,employee858@example.com,108164
859,Employee 859,Sales,employee859@example.com,58977
860,Employee 860,HR,employee860@example.com,90858
861,Employee 861,Sales,employee861@example.com,148400
862,Employee 862,Sales,employee862@example.com,142145
863,Employee 863,Sales,employee863@example.com,88267
864,Employee 864,Finance,employee864@example.com,60775
865,Employee 865,HR,employee865@example.com,45200
866,Employee 866,Marketing,employee866@example.com,115027
867,Employee 867,IT,employee867@example.com,107113
868,Employee 868,HR,employee868@example.com,26563
869,Employee 869,IT,employee869@example.com,47897
870,Employee 870,Finance,employee870@example.com,62916
871,Employee 871,IT,employee871@example.com,47939
872,Employee 872,Finance,employee872@example.com,64836
873,Employee 873,Marketing,employee873@example.com,80021
874,Employee 874,Marketing,employee874@example.com,41023
875,Employee 875,HR,employee875@example.com,145711
876,Employee 876,HR,employee876@example.com,81416
877,Employee 877,IT,employee877@example.com,99931
878,Employee 878,Finance,employee878@example.com,99673
879,Employee 879,HR,employee879@example.com,115442
880,Employee 880,Finance,employee880@example.com,146950
881,Employee 881,Sales,employee881@example.com,46751
882,Employee 882,IT,employee882@example.com,76066
883,Employee 883,Sales,employee883@example.com,137635
884,Employee 884,Marketing,employee884@example.com,58226
885,Employee 885,Marketing,employee885@example.com,32264
886,Employee 886,Sales,employee886@example.com,95270
887,Employee 887,Sales,employee887@example.com,134372
888,Employee 888,HR,employee888@example.com,47412
889,Employee 889,IT,employee889@example.com,51423
890,Employee 890,Sales,employee890@example.com,76530
891,Employee 891,HR,employee891@example.com,147281
892,Employee 892,Marketing,employee892@example.com,75678
893,Employee 893,Sales,employee893@example.com,90274
894,Employee 894,HR,employee894@example.com,31809
895,Employee 895,HR,employee895@example.com,124365
896,Employee 896,Finance,employee896@example.com,124307
897,Employee 897,Marketing,employee897@example.com,75810
898,Employee 898,Finance,employee898@example.com,95228
899,Employee 899,Sales,employee899@example.com,86766
900,Employee 900,Sales,employee900@example.com,129566
901,Employee 901,Sales,employee901@example.com,62273
902,Employee 902,Sales,employee902@example.com,118192
903,Employee 903,IT,employee903@example.com,36170
904,Employee 904,Finance,employee904@example.com,88187
905,Employee 905,HR,employee905@example.com,139504
906,Employee 906,HR,employee906@example.com,69855
907,Employee 907,Sales,employee907@example.com,68711
908,Employee 908,IT,employee908@example.com,146580
909,Employee 909,Marketing,employee909@example.com,98470
910,Employee 910,Finance,employee910@example.com,113189
911,Employee 911,IT,employee911@example.com,25955
912,Employee 912,Marketing,employee912@example.com,46876
913,Employee 913,Sales,employee913@example.com,35425
914,Employee 914,Marketing,employee914@example.com,48293
915,Employee 915,Sales,employee915@example.com,33294
916,Employee 916,Marketing,employee916@example.com,37430
917,Employee 917,Sales,employee917@example.com,116013
918,Employee 918,Marketing,employee918@example.com,137200
919,Employee 919,HR,employee919@example.com,127277
920,Employee 920,Finance,employee920@example.com,31623
921,Employee 921,Sales,employee921@example.com,96138
922,Employee 922,Finance,employee922@example.com,112178
923,Employee 923,Sales,employee923@example.com,88656
924,Employee 924,Sales,employee924@example.com,110827
925,Employee 925,Finance,employee925@example.com,134473
926,Employee 926,Sales,employee926@example.com,75173
927,Employee 927,HR,employee927@example.com,131194
928,Employee 928,Sales,employee928@example.com,47175
929,Employee 929,Marketing,employee929@example.com,96873
930,Employee 930,Marketing,employee930@example.com,134715
931,Employee 931,HR,employee931@example.com,54306
932,Employee 932,Finance,employee932@example.com,72032
933,Employee 933,Sales,employee933@example.com,66974
934,Employee 934,Sales,employee934@example.com,117910
935,Employee 935,HR,employee935@example.com,29395
936,Employee 936,IT,employee936@example.com,96739
937,Employee 937,Sales,employee937@example.com,83842
938,Employee 938,HR,employee938@example.com,132210
939,Employee 939,Marketing,employee939@example.com,78211
940,Employee 940,Marketing,employee940@example.com,127828
941,Employee 941,Marketing,employee941@example.com,60346
942,Employee 942,Sales,employee942@example.com,146161
943,Employee 943,HR,employee943@example.com,120099
944,Employee 944,Sales,employee944@example.com,104908
945,Employee 945,Marketing,employee945@example.com,76447
946,Employee 946,IT,employee946@example.com,82260
947,Employee 947,Finance,employee947@example.com,131682
948,Employee 948,Marketing,employee948@example.com,79979
949,Employee 949,Finance,employee949@example.com,130521
950,Employee 950,Sales,employee950@example.com,52952
951,Employee 951,IT,employee951@example.com,37057
952,Employee 952,Finance,employee952@example.com,43221
953,Employee 953,Finance,employee953@example.com,65725
954,Employee 954,HR,employee954@example.com,40653
955,Employee 955,Finance,employee955@example.com,104984
956,Employee 956,Sales,employee956@example.com,124762
957,Employee 957,Marketing,employee957@example.com,39324
958,Employee 958,Finance,employee958@example.com,78708
959,Employee 959,IT,employee959@example.com,134122
960,Employee 960,HR,employee960@example.com,113447
961,Employee 961,Finance,employee961@example.com,61517
962,Employee 962,Sales,employee962@example.com,78956
963,Employee 963,IT,employee963@example.com,136477
964,Employee 964,Marketing,employee964@example.com,107640
965,Employee 965,Finance,employee965@example.com,80594
966,Employee 966,Finance,employee966@example.com,54143
967,Employee 967,Marketing,employee967@example.com,149017
968,Employee 968,IT,employee968@example.com,99234
969,Employee 969,Sales,employee969@example.com,117155
970,Employee 970,Sales,employee970@example.com,136706
971,Employee 971,Sales,employee971@example.com,143346
972,Employee 972,Sales,employee972@example.com,90103
973,Employee 973,HR,employee973@example.com,119186
974,Employee 974,HR,employee974@example.com,78575
975,Employee 975,Marketing,employee975@example.com,31420
976,Employee 976,HR,employee976@example.com,76533
977,Employee 977,IT,employee977@example.com,64718
978,Employee 978,Finance,employee978@example.com,93600
979,Employee 979,IT,employee979@example.com,54101
980,Employee 980,HR,employee980@example.com,103807
981,Employee 981,Marketing,employee981@example.com,42075
982,Employee 982,Marketing,employee982@example.com,49157
983,Employee 983,IT,employee983@example.com,67396
984,Employee 984,Finance,employee984@example.com,148780
985,Employee 985,IT,employee985@example.com,112889
986,Employee 986,IT,employee986@example.com,81383
987,Employee 987,Sales,employee987@example.com,146049
988,Employee 988,IT,employee988@example.com,110844
989,Employee 989,Sales,employee989@example.com,43909
990,Employee 990,IT,employee990@example.com,62566
991,Employee 991,Finance,employee991@example.com,35782
992,Employee 992,Sales,employee992@example.com,98436
993,Employee 993,HR,employee993@example.com,63398
994,Employee 994,Sales,employee994@example.com,119522
995,Employee 995,Marketing,employee995@example.com,57912
996,Employee 996,HR,employee996@example.com,138193
997,Employee 997,Marketing,employee997@example.com,141453
998,Employee 998,IT,employee998@example.com,95468
999,Employee 999,Finance,employee999@example.com,116534
1000,Employee 1000,Marketing,employee1000@example.com,60612
1001,Employee 1001,IT,employee1001@example.com,135646
1002,Employee 1002,HR,employee1002@example.com,53328
1003,Employee 1003,HR,employee1003@example.com,134786
1004,Employee 1004,Sales,employee1004@example.com,110338
1005,Employee 1005,IT,employee1005@example.com,131594
1006,Employee 1006,IT,employee1006@example.com,111902
1007,Employee 1007,Sales,employee1007@example.com,35134
1008,Employee 1008,IT,employee1008@example.com,96756
1009,Employee 1009,Sales,employee1009@example.com,97402
1010,Employee 1010,Marketing,employee1010@example.com,146021
1011,Employee 1011,Finance,employee1011@example.com,137315
1012,Employee 1012,IT,employee1012@example.com,25649
1013,Employee 1013,Finance,employee1013@example.com,81709
1014,Employee 1014,HR,employee1014@example.com,38704
1015,Employee 1015,Marketing,employee1015@example.com,97902
1016,Employee 1016,Finance,employee1016@example.com,82942
1017,Employee 1017,Sales,employee1017@example.com,124048
1018,Employee 1018,IT,employee1018@example.com,55635
1019,Employee 1019,HR,employee1019@example.com,107306
1020,Employee 1020,Marketing,employee1020@example.com,125167
1021,Employee 1021,Finance,employee1021@example.com,118622
1022,Employee 1022,Marketing,employee1022@example.com,149448
1023,Employee 1023,Marketing,employee1023@example.com,38885
1024,Employee 1024,HR,employee1024@example.com,77066
1025,Employee 1025,Finance,employee1025@example.com,146223
1026,Employee 1026,IT,employee1026@example.com,84460
1027,Employee 1027,Sales,employee1027@example.com,118421
1028,Employee 1028,Sales,employee1028@example.com,146274
1029,Employee 1029,Finance,employee1029@example.com,93702
1030,Employee 1030,Finance,employee1030@example.com,110595
1031,Employee 1031,Finance,employee1031@example.com,123852
1032,Employee 1032,Sales,employee1032@example.com,141083
1033,Employee 1033,IT,employee1033@example.com,127859
1034,Employee 1034,HR,employee1034@example.com,111525
1035,Employee 1035,Marketing,employee1035@example.com,125785
1036,Employee 1036,Sales,employee1036@example.com,36705
1037,Employee 1037,Marketing,employee1037@example.com,83312
1038,Employee 1038,IT,employee1038@example.com,60086
1039,Employee 1039,HR,employee1039@example.com,30417
1040,Employee 1040,Finance,employee1040@example.com,118564
1041,Employee 1041,Finance,employee1041@example.com,136639
1042,Employee 1042,HR,employee1042@example.com,149377
1043,Employee 1043,IT,employee1043@example.com,106542
1044,Employee 1044,HR,employee1044@example.com,30564
1045,Employee 1045,IT,employee1045@example.com,100807
1046,Employee 1046,Finance,employee1046@example.com,96047
1047,Employee 1047,IT,employee1047@example.com,109404
1048,Employee 1048,Finance,employee1048@example.com,115832
1049,Employee 1049,Marketing,employee1049@example.com,119766
1050,Employee 1050,Finance,employee1050@example.com,50329
1051,Employee 1051,Finance,employee1051@example.com,139352
1052,Employee 1052,Sales,employee1052@example.com,31100
1053,Employee 1053,Finance,employee1053@example.com,128576
1054,Employee 1054,Marketing,employee1054@example.com,118366
1055,Employee 1055,Marketing,employee1055@example.com,99861
1056,Employee 1056,Sales,employee1056@example.com,83971
1057,Employee 1057,Marketing,employee1057@example.com,78151
1058,Employee 1058,IT,employee1058@example.com,97106
1059,Employee 1059,IT,employee1059@example.com,103666
1060,Employee 1060,Finance,employee1060@example.com,100815
1061,Employee 1061,Sales,employee1061@example.com,130067
1062,Employee 1062,IT,employee1062@example.com,114716
1063,Employee 1063,IT,employee1063@example.com,39505
1064,Employee 1064,IT,employee1064@example.com,33277
1065,Employee 1065,IT,employee1065@example.com,100415
1066,Employee 1066,Sales,employee1066@example.com,82400
1067,Employee 1067,HR,employee1067@example.com,129614
1068,Employee 1068,IT,employee1068@example.com,44464
1069,Employee 1069,IT,employee1069@example.com,106349
1070,Employee 1070,Marketing,employee1070@example.com,66858
1071,Employee 1071,HR,employee1071@example.com,74556
1072,Employee 1072,HR,employee1072@example.com,115845
1073,Employee 1073,IT,employee1073@example.com,85317
1074,Employee 1074,HR,employee1074@example.com,93352
1075,Employee 1075,IT,employee1075@example.com,85522
1076,Employee 1076,IT,employee1076@example.com,25189
1077,Employee 1077,Marketing,employee1077@example.com,108583
1078,Employee 1078,IT,employee1078@example.com,99603
1079,Employee 1079,Marketing,employee1079@example.com,117680
1080,Employee 1080,Sales,employee1080@example.com,50595
1081,Employee 1081,Sales,employee1081@example.com,76458
1082,Employee 1082,Marketing,employee1082@example.com,115519
1083,Employee 1083,HR,employee1083@example.com,105707
1084,Employee 1084,Finance,employee1084@example.com,48251
1085,Employee 1085,HR,employee1085@example.com,135214
1086,Employee 1086,HR,employee1086@example.com,50291
1087,Employee 1087,Finance,employee1087@example.com,31625
1088,Employee 1088,Sales,employee1088@example.com,34793
1089,Employee 1089,HR,employee1089@example.com,95696
1090,Employee 1090,Sales,employee1090@example.com,106653
1091,Employee 1091,Marketing,employee1091@example.com,66982
1092,Employee 1092,Finance,employee1092@example.com,100066
1093,Employee 1093,IT,employee1093@example.com,57228
1094,Employee 1094,IT,employee1094@example.com,138402
1095,Employee 1095,Finance,employee1095@example.com,145797
1096,Employee 1096,Marketing,employee1096@example.com,84126
1097,Employee 1097,Marketing,employee1097@example.com,125329
1098,Employee 1098,Marketing,employee1098@example.com,57601
1099,Employee 1099,Finance,employee1099@example.com,119228
1100,Employee 1100,Finance,employee1100@example.com,25859
1101,Employee 1101,Marketing,employee1101@example.com,141091
1102,Employee 1102,Sales,employee1102@example.com,127543
1103,Employee 1103,Finance,employee1103@example.com,147946
1104,Employee 1104,Finance,employee1104@example.com,98981
1105,Employee 1105,Marketing,employee1105@example.com,28163
1106,Employee 1106,Marketing,employee1106@example.com,75566
1107,Employee 1107,Sales,employee1107@example.com,53335
1108,Employee 1108,IT,employee1108@example.com,31479
1109,Employee 1109,Finance,employee1109@example.com,50072
1110,Employee 1110,IT,employee1110@example.com,104962
1111,Employee 1111,Sales,employee1111@example.com,144532
1112,Employee 1112,Marketing,employee1112@example.com,73068
1113,Employee 1113,Finance,employee1113@example.com,139961
1114,Employee 1114,HR,employee1114@example.com,96426
1115,Employee 1115,Finance,employee1115@example.com,142016
1116,Employee 1116,Sales,employee1116@example.com,29050
1117,Employee 1117,Marketing,employee1117@example.com,135270
1118,Employee 1118,HR,employee1118@example.com,53374
1119,Employee 1119,HR,employee1119@example.com,114204
1120,Employee 1120,IT,employee1120@example.com,138796
1121,Employee 1121,Sales,employee1121@example.com,64027
1122,Employee 1122,Finance,employee1122@example.com,74748
1123,Employee 1123,Finance,employee1123@example.com,102144
1124,Employee 1124,HR,employee1124@example.com,43766
1125,Employee 1125,HR,employee1125@example.com,29857
1126,Employee 1126,Marketing,employee1126@example.com,91635
1127,Employee 1127,IT,employee1127@example.com,101063
1128,Employee 1128,IT,employee1128@example.com,83894
1129,Employee 1129,HR,employee1129@example.com,116249
1130,Employee 1130,HR,employee1130@example.com,109425
1131,Employee 1131,Sales,employee1131@example.com,65009
1132,Employee 1132,Sales,employee1132@example.com,72557
1133,Employee 1133,Sales,employee1133@example.com,112728
1134,Employee 1134,Finance,employee1134@example.com,103707
1135,Employee 1135,IT,employee1135@example.com,35493
1136,Employee 1136,Finance,employee1136@example.com,119655
1137,Employee 1137,HR,employee1137@example.com,62461
1138,Employee 1138,IT,employee1138@example.com,100022
1139,Employee 1139,IT,employee1139@example.com,133465
1140,Employee 1140,Sales,employee1140@example.com,125745
1141,Employee 1141,IT,employee1141@example.com,37522
1142,Employee 1142,Marketing,employee1142@example.com,113494
1143,Employee 1143,Marketing,employee1143@example.com,25751
1144,Employee 1144,Marketing,employee1144@example.com,39018
1145,Employee 1145,Sales,employee1145@example.com,139565
1146,Employee 1146,Finance,employee1146@example.com,75877
1147,Employee 1147,IT,employee1147@example.com,78152
1148,Employee 1148,IT,employee1148@example.com,60958
1149,Employee 1149,Marketing,employee1149@example.com,85556
1150,Employee 1150,Finance,employee1150@example.com,102028
1151,Employee 1151,Marketing,employee1151@example.com,126412
1152,Employee 1152,Marketing,employee1152@example.com,147132
1153,Employee 1153,IT,employee1153@example.com,118726
1154,Employee 1154,Finance,employee1154@example.com,64394
1155,Employee 1155,Marketing,employee1155@example.com,136259
1156,Employee 1156,HR,employee1156@example.com,42041
1157,Employee 1157,Marketing,employee1157@example.com,34553
1158,Employee 1158,Finance,employee1158@example.com,45552
1159,Employee 1159,IT,employee1159@example.com,134188
1160,Employee 1160,Sales,employee1160@example.com,82646
1161,Employee 1161,Sales,employee1161@example.com,106152
1162,Employee 1162,HR,employee1162@example.com,89786
1163,Employee 1163,Marketing,employee1163@example.com,124923
1164,Employee 1164,Marketing,employee1164@example.com,121221
1165,Employee 1165,IT,employee1165@example.com,71183
1166,Employee 1166,Sales,employee1166@example.com,39839
1167,Employee 1167,Sales,employee1167@example.com,120868
1168,Employee 1168,Sales,employee1168@example.com,75799
1169,Employee 1169,IT,employee1169@example.com,97669
1170,Employee 1170,Finance,employee1170@example.com,25939
1171,Employee 1171,Finance,employee1171@example.com,52564
1172,Employee 1172,Marketing,employee1172@example.com,49388
1173,Employee 1173,IT,employee1173@example.com,125222
1174,Employee 1174,Sales,employee1174@example.com,71750
1175,Employee 1175,IT,employee1175@example.com,37521
1176,Employee 1176,Marketing,employee1176@example.com,97905
1177,Employee 1177,HR,employee1177@example.com,113289
1178,Employee 1178,Finance,employee1178@example.com,125574
1179,Employee 1179,Finance,employee1179@example.com,81173
1180,Employee 1180,Marketing,employee1180@example.com,50060
1181,Employee 1181,HR,employee1181@example.com,91800
1182,Employee 1182,Finance,employee1182@example.com,36555
1183,Employee 1183,HR,employee1183@example.com,60348
1184,Employee 1184,IT,employee1184@example.com,50125
1185,Employee 1185,Sales,employee1185@example.com,31225
1186,Employee 1186,IT,employee1186@example.com,120380
1187,Employee 1187,Finance,employee1187@example.com,46627
1188,Employee 1188,HR,employee1188@example.com,108467
1189,Employee 1189,Finance,employee1189@example.com,49154
1190,Employee 1190,Finance,employee1190@example.com,75361
1191,Employee 1191,HR,employee1191@example.com,53102
1192,Employee 1192,Marketing,employee1192@example.com,38065
1193,Employee 1193,IT,employee1193@example.com,142944
1194,Employee 1194,Finance,employee1194@example.com,136832
1195,Employee 1195,HR,employee1195@example.com,75524
1196,Employee 1196,Finance,employee1196@example.com,140362
1197,Employee 1197,HR,employee1197@example.com,144640
1198,Employee 1198,Finance,employee1198@example.com,89038
1199,Employee 1199,HR,employee1199@example.com,147351
1200,Employee 1200,Sales,employee1200@example.com,51414
1201,Employee 1201,Sales,employee1201@example.com,45561
1202,Employee 1202,Sales,employee1202@example.com,98724
1203,Employee 1203,IT,employee1203@example.com,43286
1204,Employee 1204,Marketing,employee1204@example.com,105954
1205,Employee 1205,Sales,employee1205@example.com,83337
1206,Employee 1206,IT,employee1206@example.com,88132
1207,Employee 1207,Finance,employee1207@example.com,62905
1208,Employee 1208,Marketing,employee1208@example.com,109867
1209,Employee 1209,Marketing,employee1209@example.com,126057
1210,Employee 1210,Finance,employee1210@example.com,86887
1211,Employee 1211,Marketing,employee1211@example.com,124635
1212,Employee 1212,IT,employee1212@example.com,69735
1213,Employee 1213,IT,employee1213@example.com,27801
1214,Employee 1214,HR,employee1214@example.com,75593
1215,Employee 1215,Sales,employee1215@example.com,81853
1216,Employee 1216,Marketing,employee1216@example.com,62241
1217,Employee 1217,Finance,employee1217@example.com,89709
1218,Employee 1218,Finance,employee1218@example.com,28840
1219,Employee 1219,Marketing,employee1219@example.com,105619
1220,Employee 1220,HR,employee1220@example.com,35282
1221,Employee 1221,IT,employee1221@example.com,111028
1222,Employee 1222,Sales,employee1222@example.com,102726
1223,Employee 1223,Sales,employee1223@example.com,87562
1224,Employee 1224,Finance,employee1224@example.com,122264
1225,Employee 1225,Sales,employee1225@example.com,29159
1226,Employee 1226,Sales,employee1226@example.com,59032
1227,Employee 1227,Sales,employee1227@example.com,89488
1228,Employee 1228,Finance,employee1228@example.com,100425
1229,Employee 1229,Finance,employee1229@example.com,39781
1230,Employee 1230,HR,employee1230@example.com,99722
1231,Employee 1231,Marketing,employee1231@example.com,80373
1232,Employee 1232,Sales,employee1232@example.com,45541
1233,Employee 1233,IT,employee1233@example.com,108513
1234,Employee 1234,HR,employee1234@example.com,149195
1235,Employee 1235,HR,employee1235@example.com,87942
1236,Employee 1236,Sales,employee1236@example.com,120025
1237,Employee 1237,HR,employee1237@example.com,62544
1238,Employee 1238,Marketing,employee1238@example.com,147864
1239,Employee 1239,Sales,employee1239@example.com,130720
1240,Employee 1240,Marketing,employee1240@example.com,47462
1241,Employee 1241,Finance,employee1241@example.com,75336
1242,Employee 1242,IT,employee1242@example.com,106921
1243,Employee 1243,Sales,employee1243@example.com,88244
1244,Employee 1244,HR,employee1244@example.com,44586
1245,Employee 1245,IT,employee1245@example.com,137835
1246,Employee 1246,IT,employee1246@example.com,119118
1247,Employee 1247,Sales,employee1247@example.com,56385
1248,Employee 1248,Marketing,employee1248@example.com,72508
1249,Employee 1249,IT,employee1249@example.com,44883
1250,Employee 1250,HR,employee1250@example.com,131026
1251,Employee 1251,Marketing,employee1251@example.com,42059
1252,Employee 1252,IT,employee1252@example.com,51071
1253,Employee 1253,Marketing,employee1253@example.com,68006
1254,Employee 1254,HR,employee1254@example.com,89751
1255,Employee 1255,IT,employee1255@example.com,88805
1256,Employee 1256,Sales,employee1256@example.com,33912
1257,Employee 1257,Sales,employee1257@example.com,131696
1258,Employee 1258,Marketing,employee1258@example.com,147738
1259,Employee 1259,IT,employee1259@example.com,138276
1260,Employee 1260,Sales,employee1260@example.com,115675
1261,Employee 1261,Sales,employee1261@example.com,148331
1262,Employee 1262,IT,employee1262@example.com,149392
1263,Employee 1263,Sales,employee1263@example.com,133282
1264,Employee 1264,IT,employee1264@example.com,116387
1265,Employee 1265,IT,employee1265@example.com,93585
1266,Employee 1266,IT,employee1266@example.com,85330
1267,Employee 1267,Sales,employee1267@example.com,121213
1268,Employee 1268,Finance,employee1268@example.com,44851
1269,Employee 1269,Marketing,employee1269@example.com,77743
1270,Employee 1270,Marketing,employee1270@example.com,109312
1271,Employee 1271,Finance,employee1271@example.com,43103
1272,Employee 1272,IT,employee1272@example.com,30002
1273,Employee 1273,Sales,employee1273@example.com,146488
1274,Employee 1274,Sales,employee1274@example.com,93974
1275,Employee 1275,IT,employee1275@example.com,26414
1276,Employee 1276,Marketing,employee1276@example.com,27071
1277,Employee 1277,IT,employee1277@example.com,95285
1278,Employee 1278,HR,employee1278@example.com,70189
1279,Employee 1279,Finance,employee1279@example.com,112393
1280,Employee 1280,Finance,employee1280@example.com,144127
1281,Employee 1281,IT,employee1281@example.com,148434
1282,Employee 1282,HR,employee1282@example.com,43138
1283,Employee 1283,IT,employee1283@example.com,105012
1284,Employee 1284,Sales,employee1284@example.com,44207
1285,Employee 1285,Marketing,employee1285@example.com,32672
1286,Employee 1286,Sales,employee1286@example.com,31336
1287,Employee 1287,Marketing,employee1287@example.com,142752
1288,Employee 1288,HR,employee1288@example.com,127909
1289,Employee 1289,Sales,employee1289@example.com,85722
1290,Employee 1290,Finance,employee1290@example.com,28980
1291,Employee 1291,IT,employee1291@example.com,60865
1292,Employee 1292,Finance,employee1292@example.com,55592
1293,Employee 1293,Finance,employee1293@example.com,67404
1294,Employee 1294,Sales,employee1294@example.com,72622
1295,Employee 1295,HR,employee1295@example.com,46471
1296,Employee 1296,IT,employee1296@example.com,82936
1297,Employee 1297,Marketing,employee1297@example.com,86243
1298,Employee 1298,Finance,employee1298@example.com,52429
1299,Employee 1299,HR,employee1299@example.com,60779
1300,Employee 1300,IT,employee1300@example.com,60230
1301,Employee 1301,IT,employee1301@example.com,89046
1302,Employee 1302,IT,employee1302@example.com,41552
1303,Employee 1303,HR,employee1303@example.com,41151
1304,Employee 1304,IT,employee1304@example.com,73702
1305,Employee 1305,Sales,employee1305@example.com,105255
1306,Employee 1306,IT,employee1306@example.com,91796
1307,Employee 1307,IT,employee1307@example.com,103124
1308,Employee 1308,IT,employee1308@example.com,87405
1309,Employee 1309,IT,employee1309@example.com,135030
1310,Employee 1310,Finance,employee1310@example.com,124948
1311,Employee 1311,HR,employee1311@example.com,96861
1312,Employee 1312,Finance,employee1312@example.com,32263
1313,Employee 1313,Marketing,employee1313@example.com,124659
1314,Employee 1314,Sales,employee1314@example.com,82535
1315,Employee 1315,Finance,employee1315@example.com,48657
1316,Employee 1316,Finance,employee1316@example.com,131225
1317,Employee 1317,IT,employee1317@example.com,46626
1318,Employee 1318,Finance,employee1318@example.com,104487
1319,Employee 1319,HR,employee1319@example.com,119416
1320,Employee 1320,Marketing,employee1320@example.com,85201
1321,Employee 1321,IT,employee1321@example.com,115114
1322,Employee 1322,HR,employee1322@example.com,114375
1323,Employee 1323,Marketing,employee1323@example.com,68330
1324,Employee 1324,HR,employee1324@example.com,145252
1325,Employee 1325,Finance,employee1325@example.com,144980
1326,Employee 1326,Marketing,employee1326@example.com,92178
1327,Employee 1327,Marketing,employee1327@example.com,138182
1328,Employee 1328,HR,employee1328@example.com,71801
1329,Employee 1329,HR,employee1329@example.com,27919
1330,Employee 1330,Marketing,employee1330@example.com,116843
1331,Employee 1331,Sales,employee1331@example.com,47094
1332,Employee 1332,Sales,employee1332@example.com,122130
1333,Employee 1333,Sales,employee1333@example.com,36811
1334,Employee 1334,HR,employee1334@example.com,138268
1335,Employee 1335,Sales,employee1335@example.com,66677
1336,Employee 1336,Sales,employee1336@example.com,42370
1337,Employee 1337,Sales,employee1337@example.com,144048
1338,Employee 1338,Sales,employee1338@example.com,43238
1339,Employee 1339,HR,employee1339@example.com,128278
1340,Employee 1340,Sales,employee1340@example.com,122888
1341,Employee 1341,Finance,employee1341@example.com,67747
1342,Employee 1342,IT,employee1342@example.com,74179
1343,Employee 1343,Finance,employee1343@example.com,59005
1344,Employee 1344,HR,employee1344@example.com,83147
1345,Employee 1345,IT,employee1345@example.com,119578
1346,Employee 1346,IT,employee1346@example.com,110929
1347,Employee 1347,HR,employee1347@example.com,130077
1348,Employee 1348,Sales,employee1348@example.com,48704
1349,Employee 1349,Marketing,employee1349@example.com,97866
1350,Employee 1350,Sales,employee1350@example.com,75912
1351,Employee 1351,HR,employee1351@example.com,36063
1352,Employee 1352,Sales,employee1352@example.com,145074
1353,Employee 1353,Finance,employee1353@example.com,108292
1354,Employee 1354,Marketing,employee1354@example.com,78510
1355,Employee 1355,Finance,employee1355@example.com,33077
1356,Employee 1356,Finance,employee1356@example.com,57842
1357,Employee 1357,Sales,employee1357@example.com,65279
1358,Employee 1358,IT,employee1358@example.com,131050
1359,Employee 1359,HR,employee1359@example.com,69230
1360,Employee 1360,Sales,employee1360@example.com,52812
1361,Employee 1361,Finance,employee1361@example.com,45602
1362,Employee 1362,Sales,employee1362@example.com,36488
1363,Employee 1363,IT,employee1363@example.com,29427
1364,Employee 1364,HR,employee1364@example.com,67927
1365,Employee 1365,Marketing,employee1365@example.com,88801
1366,Employee 1366,HR,employee1366@example.com,84653
1367,Employee 1367,IT,employee1367@example.com,92616
1368,Employee 1368,Marketing,employee1368@example.com,131255
1369,Employee 1369,Finance,employee1369@example.com,108813
1370,Employee 1370,HR,employee1370@example.com,72148
1371,Employee 1371,Marketing,employee1371@example.com,54343
1372,Employee 1372,Marketing,employee1372@example.com,87496
1373,Employee 1373,Finance,employee1373@example.com,43018
1374,Employee 1374,IT,employee1374@example.com,44042
1375,Employee 1375,Finance,employee1375@example.com,135924
1376,Employee 1376,Sales,employee1376@example.com,147662
1377,Employee 1377,Finance,employee1377@example.com,27587
1378,Employee 1378,Sales,employee1378@example.com,50081
1379,Employee 1379,IT,employee1379@example.com,30412
1380,Employee 1380,IT,employee1380@example.com,27060
1381,Employee 1381,IT,employee1381@example.com,141616
1382,Employee 1382,Finance,employee1382@example.com,76617
1383,Employee 1383,Finance,employee1383@example.com,126028
1384,Employee 1384,Sales,employee1384@example.com,76498
1385,Employee 1385,HR,employee1385@example.com,79085
1386,Employee 1386,Sales,employee1386@example.com,90098
1387,Employee 1387,HR,employee1387@example.com,89244
1388,Employee 1388,IT,employee1388@example.com,39920
1389,Employee 1389,HR,employee1389@example.com,67090
1390,Employee 1390,Finance,employee1390@example.com,148091
1391,Employee 1391,Marketing,employee1391@example.com,96006
1392,Employee 1392,Marketing,employee1392@example.com,88694
1393,Employee 1393,IT,employee1393@example.com,79655
1394,Employee 1394,HR,employee1394@example.com,42422
1395,Employee 1395,Marketing,employee1395@example.com,69605
1396,Employee 1396,Sales,employee1396@example.com,79620
1397,Employee 1397,Sales,employee1397@example.com,75800
1398,Employee 1398,HR,employee1398@example.com,80294
1399,Employee 1399,Marketing,employee1399@example.com,88968
1400,Employee 1400,Sales,employee1400@example.com,62113
1401,Employee 1401,Marketing,employee1401@example.com,106988
1402,Employee 1402,HR,employee1402@example.com,145114
1403,Employee 1403,HR,employee1403@example.com,143757
1404,Employee 1404,Marketing,employee1404@example.com,31193
1405,Employee 1405,Marketing,employee1405@example.com,112105
1406,Employee 1406,Marketing,employee1406@example.com,100530
1407,Employee 1407,IT,employee1407@example.com,84733
1408,Employee 1408,Finance,employee1408@example.com,89109
1409,Employee 1409,Sales,employee1409@example.com,114234
1410,Employee 1410,Sales,employee1410@example.com,74083
1411,Employee 1411,Sales,employee1411@example.com,96516
1412,Employee 1412,HR,employee1412@example.com,111011
1413,Employee 1413,Sales,employee1413@example.com,88998
1414,Employee 1414,Sales,employee1414@example.com,83631
1415,Employee 1415,HR,employee1415@example.com,70484
1416,Employee 1416,HR,employee1416@example.com,81583
1417,Employee 1417,Sales,employee1417@example.com,124322
1418,Employee 1418,Finance,employee1418@example.com,50861
1419,Employee 1419,Finance,employee1419@example.com,82800
1420,Employee 1420,Finance,employee1420@example.com,140456
1421,Employee 1421,Marketing,employee1421@example.com,147167
1422,Employee 1422,Marketing,employee1422@example.com,115769
1423,Employee 1423,Sales,employee1423@example.com,99357
1424,Employee 1424,HR,employee1424@example.com,138036
1425,Employee 1425,Finance,employee1425@example.com,92643
1426,Employee 1426,Finance,employee1426@example.com,86734
1427,Employee 1427,HR,employee1427@example.com,90693
1428,Employee 1428,Sales,employee1428@example.com,94896
1429,Employee 1429,Finance,employee1429@example.com,52306
1430,Employee 1430,Finance,employee1430@example.com,65827
1431,Employee 1431,Sales,employee1431@example.com,64802
1432,Employee 1432,Sales,employee1432@example.com,39390
1433,Employee 1433,Marketing,employee1433@example.com,77347
1434,Employee 1434,Marketing,employee1434@example.com,129501
1435,Employee 1435,Sales,employee1435@example.com,98168
1436,Employee 1436,HR,employee1436@example.com,128785
1437,Employee 1437,Sales,employee1437@example.com,123625
1438,Employee 1438,Marketing,employee1438@example.com,51619
1439,Employee 1439,HR,employee1439@example.com,101132
1440,Employee 1440,HR,employee1440@example.com,96851
1441,Employee 1441,Sales,employee1441@example.com,28495
1442,Employee 1442,HR,employee1442@example.com,49484
1443,Employee 1443,Sales,employee1443@example.com,76095
1444,Employee 1444,Marketing,employee1444@example.com,64874
1445,Employee 1445,IT,employee1445@example.com,107454
1446,Employee 1446,Finance,employee1446@example.com,53325
1447,Employee 1447,Finance,employee1447@example.com,137541
1448,Employee 1448,Marketing,employee1448@example.com,31089
1449,Employee 1449,Finance,employee1449@example.com,44026
1450,Employee 1450,IT,employee1450@example.com,127064
1451,Employee 1451,Marketing,employee1451@example.com,110323
1452,Employee 1452,Sales,employee1452@example.com,81351
1453,Employee 1453,Marketing,employee1453@example.com,76249
1454,Employee 1454,HR,employee1454@example.com,129313
1455,Employee 1455,Marketing,employee1455@example.com,99773
1456,Employee 1456,IT,employee1456@example.com,129425
1457,Employee 1457,HR,employee1457@example.com,117439
1458,Employee 1458,HR,employee1458@example.com,41716
1459,Employee 1459,HR,employee1459@example.com,125177
1460,Employee 1460,IT,employee1460@example.com,39104
1461,Employee 1461,Finance,employee1461@example.com,69921
1462,Employee 1462,Finance,employee1462@example.com,96528
1463,Employee 1463,Sales,employee1463@example.com,38868
1464,Employee 1464,Sales,employee1464@example.com,82489
1465,Employee 1465,Marketing,employee1465@example.com,110264
1466,Employee 1466,Marketing,employee1466@example.com,62739
1467,Employee 1467,Marketing,employee1467@example.com,46326
1468,Employee 1468,IT,employee1468@example.com,41432
1469,Employee 1469,IT,employee1469@example.com,31706
1470,Employee 1470,HR,employee1470@example.com,124116
1471,Employee 1471,Finance,employee1471@example.com,92267
1472,Employee 1472,Finance,employee1472@example.com,26280
1473,Employee 1473,HR,employee1473@example.com,48461
1474,Employee 1474,IT,employee1474@example.com,86602
1475,Employee 1475,IT,employee1475@example.com,54887
1476,Employee 1476,IT,employee1476@example.com,83692
1477,Employee 1477,HR,employee1477@example.com,87748
1478,Employee 1478,IT,employee1478@example.com,83820
1479,Employee 1479,Finance,employee1479@example.com,100101
1480,Employee 1480,Marketing,employee1480@example.com,30919
1481,Employee 1481,HR,employee1481@example.com,142865
1482,Employee 1482,IT,employee1482@example.com,149469
1483,Employee 1483,Marketing,employee1483@example.com,90805
1484,Employee 1484,Sales,employee1484@example.com,37095
1485,Employee 1485,Marketing,employee1485@example.com,68826
1486,Employee 1486,HR,employee1486@example.com,99899
1487,Employee 1487,IT,employee1487@example.com,84196
1488,Employee 1488,Finance,employee1488@example.com,59742
1489,Employee 1489,HR,employee1489@example.com,85674
1490,Employee 1490,Finance,employee1490@example.com,93745
1491,Employee 1491,IT,employee1491@example.com,90746
1492,Employee 1492,Finance,employee1492@example.com,95092
1493,Employee 1493,Marketing,employee1493@example.com,91581
1494,Employee 1494,Marketing,employee1494@example.com,110115
1495,Employee 1495,IT,employee1495@example.com,92342
1496,Employee 1496,Marketing,employee1496@example.com,106402
1497,Employee 1497,Sales,employee1497@example.com,149748
1498,Employee 1498,Finance,employee1498@example.com,148767
1499,Employee 1499,IT,employee1499@example.com,26358
1500,Employee 1500,IT,employee1500@example.com,127168
